PartCode,GTIN
100101,20045421100100
100117,10715001001174
100119,10715001001198
100130,70049485001309
100134,10020534159187
100144,70049485001446
100145,10045421001455
100146,70049485001460
100150,10715001001501
101,00049485001010
1.02101E+14,00049485057369
103,00049485001034
104,00049485001041
104A,10049485001048
105,00049485001058
105B,20049485001052
107,00049485001072
107B,20049485001076
107D,40049485001070
110,00049485001102
110090,10715001100907
110092,10715001100921
110322,10715001103229
110462,10715001104625
110711,70049485007110
110921,10715001109214
110950,20045421915209
110B,20049485001106
110D,40049485001100
111,10049485001116
111030,10045421110300
111040,10715001110401
111572,20045421915216
111579,10715001115796
114,10049485001147
115,00049485001157
119,00049485001195
121,10049485001215
12347,10049485123474
12348,10049485123481
12349,10049485123498
12350,10049485123504
12354,00076323011528
12355,00076323013249
12364,10049485123641
12365,10049485123658
124,10049485001246
125,00049485001256
125A,10049485001253
126,10049485001260
12600,00049485126003
130,00049485001300
132,00049485001324
134,00049485001348
136,10049485001369
137,10049485001376
139,10049485001390
142A,10049485001420
144,00049485001447
148,00049485001485
151,00049485001515
156,00049485001560
161,00049485001614
162,00049485001621
163,00049485001638
173,10049485001734
178,10049485001789
179,00049485001799
180,00049485001805
190,00049485001904
202,10049485002021
202A,10049485002021
202C,30049485002025
203,10049485002038
203C,30049485002032
206,10049485002069
208,10049485002083
209,10049485002090
212,10049485002120
213,10049485002137
214,10049485002144
222,10049485002229
224,10049485002243
226,10049485002267
228,10049485002281
232,10049485002328
234,10049485002342
236,10049485002366
238,10049485002380
24117,00049485241171
24118,00049485241188
242,10049485002427
270,00049485002703
270V,80049485002709
271,00049485002710
271V,80049485002716
272,00049485002727
272V,80049485002723
273,00049485002734
273V,80049485002730
274,10049485002748
276,10049485002762
277,00049485002772
278,00049485002789
279,00049485002796
280,00049485002802
281,00049485002819
282,00049485002826
283,00049485002833
284,00049485002840
285,00049485002857
30001,10049485300011
30011,10049485300110
30021,10049485300219
301,00049485003014
302,00049485003021
303A,10049485003035
304,00049485003045
305,00049485003052
306,00049485003069
307A,10049485003073
314A,10049485003141
316A,10049485003165
318,10049485003189
319,10049485003196
320A,10049485003202
33010,00049485330103
33020,00049485330203
333,10049485003332
334,10049485003349
335,00049485003359
336,00049485003366
337,00049485003373
350,00049485003502
350A,10049485003509
351,00049485003519
351A,10049485003516
373,10049485003738
374,10049485003745
375,10049485003752
376,10049485003769
40010,00049485400103
40120,00049485401209
40140,00049485401407
41010,00049485410102
41020,00049485410201
41031,00049485410317
41051,00049485410515
41060,00049485410607
41080,00049485410805
41101,00049485411017
41111,00049485411116
41121,00049485411215
41130,00049485411307
41141,00049485411413
41142,00049485411420
41151,10093901813487
41170,00049485411703
41180,00049485411802
41190,00049485411901
41201,00049485412014
41211,00049485412113
41220,00049485412205
41231,00049485412311
42001,00049485420019
42010,00049485420101
42011,00049485420118
42012,10795835827232
42013,00806795513424
42020,00049485420200
42031,10093901500387
42041,00049485420415
42051,00049485420514
42060,00049485420606
42071,00049485420712
42081,00049485420811
42091,00049485420910
42101,00049485421016
42110,00049485421108
42120,00049485421207
42121,00049485421214
42130,00049485421306
42140,00049485421405
42151,00049485421511
42161,00049485421610
42170,00049485421702
42180,00049485421801
42191,00049485421917
42200,00049485422006
42210,00049485422105
42220,00049485422204
42230,00049485422303
42231,00049485422310
42241,00049485422419
42250,00049485422501
42251,00049485422518
42261,00890253001004
42280,00049485422808
42290,00049485422907
42300,00049485423003
42311,00049485423119
42320,00049485423201
42321,00890253001738
42330,00049485423300
42331,00890253001721
42340,00049485423409
42350,00049485423508
42360,00049485423607
42370,00049485423706
42381,10685060012117
42390,00049485423904
42401,00049485424017
42411,00049485424116
42421,00049485424215
42431,00049485424314
42441,00049485424413
42451,00049485424512
42461,00049485424611
42470,00049485424703
42480,00049485424802
42491,00049485424918
42500,00049485425007
42510,00049485425106
42511,00049485425113
42521,00049485425212
42531,00049485425311
42540,00049485425403
42550,00049485425502
42561,10093901776546
42571,00093901813442
42581,10093901846621
42591,00049485425915
42600,00049485426004
42601,00049485426011
42611,00049485426110
42620,00049485426202
42630,00049485426301
42640,00049485426400
42640R,40049485426408
42651,10795835880763
42660,00049485426608
42670,00049485426707
42680,00049485426806
42690,00049485426905
42700,00049485427001
42711,00049485427117
42720,00049485427209
42731,10093901682021
42740,00049485427407
42750,00049485427506
42760,00049485427605
42770,00049485427704
42780,00049485427803
42790,00049485427902
42800,00049485428008
42801,00049485428015
42810,00049485428107
42820,00049485428206
42831,00049485428312
42840,00049485428404
42850,00049485428503
42861,00049485428619
42881,00049485428817
42891,00049485428916
42900,00049485429005
42911,00049485429111
42920,00049485429203
42931,00049485429319
42940,00049485429401
42951,00049485429517
42961,10795835881302
42970,00049485429708
42980,00049485429807
42990,00049485429906
43010,00049485430100
43020,00049485430209
43030,00049485430308
43031,00049485430315
43040,00049485430407
43051,00049485430513
43070,00049485430704
43081,00049485430810
43091,00049485430919
43101,00049485431015
43110,00049485431107
43120,00049485431206
43131,00049485431312
43140,00049485431404
43150,00049485431503
43161,00049485431619
43162,00049485431626
43163,00049485431633
43170,00049485431701
43181,00049485431817
43191,00049485431916
43200,00049485432005
43221,00049485432210
43230,00049485432302
43250,00049485432500
43260,00049485432609
43270,00049485432708
43271,00049485432715
43280,00049485432807
43291,00049485432913
43301,00049485433019
43310,00049485433101
43320,00049485433200
43321,00049485433217
43331,00049485433316
43340,00049485433408
43341,00049485433415
43351,00049485433514
43361,00049485433613
43370,00049485433705
43381,00049485433811
43390,00049485433903
43400,00049485434009
43411,00049485434115
43420,00049485434207
43430,00049485434306
43431,00049485434313
43461,00049485434610
43470,00049485434702
43471,00049485434719
43480,00049485434801
43490,00049485434900
43500,00049485435006
43501,00049485435013
43511,00049485435112
43520,00049485435204
43531,00049485435310
43540,00049485435402
43551,00049485435518
43560,00049485435600
43570,00049485435709
43571,00806795606539
43580,00049485435808
43591,00049485435914
43601,00049485436010
43611,00049485436119
43621,00049485436218
43641,00049485436416
43651,00049485436515
43661,00049485436614
43671,00049485436713
43680,00049485436805
43691,00049485436911
43700,00049485437000
43711,00049485437116
43721,00806795561258
43731,00049485437314
43751,00049485437512
43761,00049485437611
43771,00049485437710
44010,00049485440109
44020,00049485440208
44021,00049485440215
44022,00049485440222
44031,00049485440314
44040,00049485440406
44051,00049485440512
44060,00049485440604
44070,00049485440703
44081,00049485440819
44120,00049485441205
44130,00049485441304
44140,00049485441403
44150,00049485441502
44161,00049485441618
44180,00049485441809
44190,00049485441908
44200,00049485442004
44211,00049485442110
44221,00049485442219
44230,00049485442301
44241,00049485442417
44250,00049485442509
44260,00049485442608
44261,00049485442615
44270,00049485442707
44280,00049485442806
44290,00049485442905
44321,10093901776560
44340,00049485443407
44360,00049485443605
44410,00049485444107
44411,00049485444114
44420,00049485444206
44430,00049485444305
44440,00049485444404
44441,00049485444411
44460,00049485444602
44470,00049485444701
44480,00049485444800
44490,00049485444909
44500,00049485445005
44510,00049485445104
44540,00049485445401
44550,00049485445500
44561,00049485445616
44571,00049485445715
44591,00049485445913
44600,20049485446006
44610,00049485446101
44620,00049485446200
44621,00049485446217
45010,00049485450108
45020,00049485450207
45031,00049485450313
45041,00049485450412
45051,00049485450511
45061,00049485450610
45071,00049485450719
45090,00049485450900
45110,00049485451105
45130,00049485451303
45131,00049485451310
45141,00049485451419
45151,00049485451518
45160,00049485451600
45171,00049485451716
45180,00049485451808
45191,00049485451914
45201,00049485452010
45211,00049485452119
45220,20049485452205
45231,10658249683293
45241,00049485452416
45501,00049485455011
46020,00049485460206
46021,00049485460213
46022,10795835883153
46023,10093901751321
46024,00806795606515
46030,00049485460305
46031,00049485460312
46050,00049485460503
46061,00049485460619
46070,00049485460701
46080,00049485460800
46090,00049485460909
46100,00049485461005
46130,00049485461302
46150,00049485461500
46160,00049485461609
46180,00049485461807
46190,00049485461906
46200,00049485462002
46210,00049485462101
46220,00049485462200
46231,00049485462316
46241,00049485462415
46251,00049485462514
46261,00049485462613
46271,10889356090562
46510,00049485465102
46521,00049485465218
46531,00049485465317
46541,00049485465416
46550,00049485465508
46560,00049485465607
46570,00049485465706
46591,00049485465911
46600,00049485466000
46610,00049485466109
46620,00049485466208
46630,00049485466307
46641,10889356011239
46651,00049485466512
46671,00049485466710
46681,00049485466819
46691,10049485466915
46700,20049485467001
46710,20049485467100
46720,00049485467205
46731,00049485467311
46732,00049485467328
46741,00049485467410
46742,00049485467427
46751,00049485467519
46761,00049485467618
46770,00049485467700
47000,00049485470007
47010,00049485470106
47021,00049485470212
47030,00049485470304
47041,00049485470410
47050,00049485470502
47051,00890253001059
47061,00049485470618
47070,00049485470700
47080,00049485470809
47090,00049485470908
47100,00049485471004
47110,00049485471103
47111,00049485471110
47120,00049485471202
47130,00049485471301
47131,00049485471318
47141,00890253001011
47151,10795835880107
47160,00049485471608
47170,00049485471707
47181,00049485471813
47190,00049485471905
47200,00049485472001
47211,00049485472117
47221,00049485472216
47231,00049485472315
47241,00049485472414
47251,00049485472513
47261,00049485472612
47270,00049485472704
47280,00049485472803
47290,00049485472902
47300,00049485473008
47310,00049485473107
47320,00049485473206
47330,00049485473305
47331,00806795606478
47340,00049485473404
47350,00049485473503
47360,00049485473602
47361,00049485473619
47370,00049485473701
47380,00049485473800
47391,10093901776522
47400,00049485474005
47410,00049485474104
47420,00049485474203
47430,00049485474302
47440,00049485474401
47441,00049485474418
47450,00049485474500
47460,00049485474609
47480,00049485474807
47490,00049485474906
47500,00049485475002
47510,00049485475101
47511,00049485475118
47521,10093901116670
47530,00049485475309
47540,00049485475408
47550,00049485475507
47561,00049485475613
47570,00049485475705
47571,00806795488814
47572,00734730548609
47580,00049485475804
47590,00049485475903
47591,00049485475910
47600,00049485476009
47610,00049485476108
47621,00049485476214
47631,00049485476313
47641,00049485476412
47651,00806795488838
47660,00049485476603
47670,00049485476702
47680,00049485476801
47690,00049485476900
47701,00049485477013
47711,00049485477112
47720,00049485477204
47730,00049485477303
47741,00049485477419
47751,00049485477518
47760,00049485477600
47770,00049485477709
47781,00049485477815
47790,00049485477907
47800,00049485478003
47810,00049485478102
47820,00049485478201
47831,00049485478317
47840,00049485478409
47850,00049485478508
47860,00049485478607
47870,00049485478706
47881,00049485478812
47891,00049485478911
47901,00049485479017
47910,00049485479109
47921,10685060012032
47931,00049485479314
47941,10795835881319
47950,00049485479505
47960,00049485479604
47970,00049485479703
47971,00049485479710
47980,00049485479802
47981,00049485479819
47990,00049485479901
48000,10049485480003
48040,10049485480409
48200,10049485482007
48210,10049485482106
48221,10049485482212
48231,10049485482311
48241,10049485482410
48261,00049485482611
48271,00049485482710
48280,00049485482802
48310,10049485483103
48320,10049485483202
48331,10049485483318
48400,10049485484001
48410,10049485484100
48420,10049485484209
48430,10049485484308
48440,10049485484407
48450,10049485484506
48461,10049485484612
48471,10049485484711
48480,10049485484803
48481,10049485484810
48490,10049485484902
485,00049485004851
48501,10049485485015
48610,10049485486104
48701,10049485487019
48711,10049485487118
48721,10049485487217
48731,10049485487316
48741,10049485487415
48751,10049485487514
48761,10049485487613
48771,00049485487715
48781,10049485487811
48791,10049485487910
48810,10049485488108
48820,00049485488200
48901,00049485489016
48911,00049485489115
48941,10049485489419
48951,10049485489518
49010,00049485490104
49020,00049485490203
49030,00049485490302
49040,00049485490401
49050,00049485490500
49060,00049485490609
49070,00049485490708
49080,00049485490807
49090,00049485490906
49100,00049485491002
49120,00049485491200
49130,00049485491309
49140,00049485491408
49150,00049485491507
49160,00049485491606
49190,00049485491903
49201,00049485492016
49210,00049485492108
49211,00806795561272
49221,00049485492214
49231,00049485492313
49241,10049485492419
49251,10049485492518
49261,00049485492610
49500,00049485495000
49511,00049485495116
49520,00049485495208
49531,00049485495314
49540,00049485495406
49550,00049485495505
49560,00049485495604
49570,00049485495703
49580,00049485495802
49590,00049485495901
49601,00049485496014
49602,00049485496021
49611,00049485496113
49620,00049485496205
49631,00049485496311
49641,00049485496410
49651,50758108789697
49660,00049485496601
49661,00049485496618
49662,00049485496625
49671,00049485496717
49681,00049485496816
49691,00049485496915
497,10049485004971
49700,10049485497001
49711,00049485497110
49721,00049485497219
49730,00049485497301
49741,00049485497417
49751,10750947067549
49761,10049485497612
49771,00049485497714
49781,00049485497813
49790,00049485497905
49791,00049485497912
498,10049485004988
49800,00049485498001
49810,00049485498100
49820,00049485498209
49830,00049485498308
49840,00049485498407
49850,00049485498506
49860,00049485498605
49861,00049485498612
49871,10889356121686
49881,10889356122119
49891,00049485498919
5001,00049485050018
5002,00049485050025
5004,00049485050049
5006,00049485050063
5020,00049485050209
5020CE,20049485050203
5021,00049485050216
5021CE,20049485050210
5022,00049485050223
5023,00049485050230
5024,00049485050247
5027,00049485050278
5027CE,20049485050272
5030CE,20049485050302
5033CE,20049485050333
5035CE,20049485050357
5036CE,20049485050364
5038CE,20049485050388
5040CE,20049485050401
5041CE,20049485050418
5046CE,20049485050463
5048CE,20049485050487
5049CE,20049485050494
5051,00049485050513
5051CE,20049485050517
5052,00049485050520
5052CE,20049485050524
5053CE,20049485050531
5054CE,20049485050548
5055CE,20049485050555
5056CE,20049485050562
5057CE,20049485050579
5090,00049485050902
5090CE,20049485050906
5091,00049485050919
5103,00049485051039
5109CE,20049485051095
5110,00049485051107
5110CE,20049485051101
5111,00049485051114
5111CE,20049485051118
5112,00049485051121
5112CE,20049485051125
5113,00049485051138
5113CE,20049485051132
5114,00049485051145
5115,00049485051152
5116,00049485051169
515,00049485005155
5150,00049485051503
5150CE,20049485051507
5151CE,20049485051514
5153,00049485051534
5154,00049485051541
5155,00049485051558
5156CE,20049485051569
5157CE,20049485051576
5158CE,00049485051589
5159,00049485051596
515CE,20049485005159
5160,00049485051602
5161CE,20049485051613
5163CE,20049485051637
5164,00049485051640
5165,00049485051657
517,00049485005179
519,00049485005193
519CE,20049485005197
5201CE,20049485052016
5202,00049485052029
5205,00049485052050
5205CE,20049485052054
5212,00049485052128
5219,00049485052197
5220,00049485052203
5221,00049485052210
5222,00049485052227
5224,00049485052241
5224CE,20049485052245
5225,00049485052258
5226,00049485052265
5227,00049485052272
5229,00049485052296
523,00049485005230
5230CE,20049485052306
5231CE,20049485052313
5232CE,20049485052320
5233,00049485052333
5235,00049485052357
5235CE,20049485052351
523CE,20049485005234
5242CE,20049485052429
5245CE,20049485052450
5248CE,20049485052481
5249CE,20049485052498
5250,00049485052500
5250CE,20049485052504
5250OH,40049485052508
5252CE,20049485052528
5253CE,20049485052535
5253CE30,20049485152532
5254,00049485052548
5254CE,20049485052542
5255CE,20049485052559
5257CE,20049485052573
5258CE,20049485052580
5259CE,20049485052597
5260CE,20049485052603
5261CE,20049485052610
5262CE,20049485052627
5263CE,20049485052634
5264CE,20049485052641
5265CE,20049485052658
5267CE,20049485052672
527,00049485005278
5280,00049485052807
5280CE,20049485052801
5281CE,20049485052818
5282,00049485052821
5283,00049485052838
5284,00049485052845
5285,00049485052852
5303,00049485053033
5303CE,20049485053037
5304,00049485053040
5307,00049485053071
5309CE,20049485053099
5314,00049485053149
5316,00049485053163
5316CE,20049485053167
532,00049485005322
5320,00049485053200
5320CE,20049485053204
5323CE,20049485053235
5324CE,20049485053242
5325,00049485053255
5326,00049485053262
5327CE,20049485053273
5328CE,20049485053280
5329,00049485053293
5332,00049485053323
5333,00049485053330
5333CE,20049485053334
5334,00049485053347
5337,00049485053378
5337CE,20049485053372
5338CE,20049485053389
5343,00049485053439
5343CE,20049485053433
5346CE,20049485053464
5347,00049485053477
5348CE,20049485053488
535,00049485005353
538,00049485005384
5380,00049485053804
5380CE,20049485053808
5381,00049485053811
5382CE,20049485053822
5383,00049485053835
5383CE,20049485053839
5384,00049485053842
5385,00049485053859
538CE,20049485005388
5390CE,20049485053907
5391,00049485053910
5391CE,20049485053914
5393,00049485053934
5393CE,20049485053938
5395CE,20049485053952
5396CE,20049485053969
5397CE,20049485053976
5398CE,20049485053983
540,00049485005407
5401,00049485054016
5401CE,20049485054010
5402,00049485054023
5406CE,20049485054065
5407CE,20049485054072
541,00049485005414
5410,00049485054108
5411,00049485054115
5412,00049485054122
5414,00049485054146
5414CE,20049485054140
5415,00049485054153
5416,00049485054160
5416CE,20049485054164
5416OH,40049485054168
5417,00049485054177
5418CE,20049485054188
5419CE,20049485054195
5420CE,20049485054201
5423CE,20049485054232
5425,00049485054252
5425CE,20049485054256
5426CE,20049485054263
5429,00049485054290
5429CE,20049485054294
5430CE,20049485054300
5431CE,20049485054317
5432CE,20049485054324
5436CE,20049485054362
5437CE,20049485054379
544,00049485005445
5441,00049485054412
5442CE,20049485054423
5443CE,20049485054430
5444CE,20049485054447
544CE,20049485005449
545,00049485005452
545CE,20049485005456
5481,00049485054818
550,00049485005506
5501CE,20049485055017
5502CE,20049485055024
5503,00049485055037
550CE,20049485005500
5515CE,20049485055154
5516,00049485055167
5516CE,20049485055161
5517,00049485055174
5517CE,20049485055178
552,00049485005520
5520,00049485055204
5521,00049485055211
5521CE,20049485055215
5522,00049485055228
5523,00049485055235
5525,00049485055259
5526,00049485055266
5527,00049485055273
5528CE,20049485055284
552CE,20049485005524
5532,00049485055327
5532CE,20049485055321
5533CE,20049485055338
5534CE,20049485055345
5541CE,10049485055416
5542CE,20049485055420
555,00049485005551
557,00049485005575
5578,00049485055785
5578CE,20049485055789
5580CE,20049485055802
5581CE,20049485055819
5588CE,20049485055888
5590,00049485055907
5590CE,20049485055901
5591,00049485055914
5591CE,20049485055918
5592CE,20049485055925
5593CE,20049485055932
5594CE,20049485055949
5597CE,20049485055970
5598CE,20049485055987
5599CE,20049485055994
560,00049485005605
5601,00049485056010
5602,00049485056027
5602CE,20049485056021
5603,00049485056034
5604,00049485056041
5605,00049485056058
5606,00049485056065
5607CE,20049485056076
5608,00049485056089
5608CE,20049485056083
5609,00049485056096
5610,00049485056102
5610CE,20049485056106
5611,00049485056119
5611CE,20049485056113
5612CE,20049485056120
5613,00049485056133
5613CE,20049485056137
5614,00049485056140
5614CE,20049485056144
5614OH,40049485056148
5615,00049485056157
5615CE,20049485056151
5616,00049485056164
5617CE,20049485056175
5618,00049485056188
5619,00049485056195
5620,00049485056201
5620CE,20049485056205
5621,00049485056218
5622,00049485056225
5623,00049485056232
5623CE,20049485056236
5624,00049485056249
5624CE,20049485056243
5624OH,40049485056247
5625,00049485056256
5626,00049485056263
5626CE,20049485056267
5627,00049485056270
5627CE,20049485056274
5628,00049485056287
5629,00049485056294
5629CE,20049485056298
563,00049485005636
5630,00049485056300
5630CE,20049485056304
5631,00049485056317
5631CE,20049485056311
5632,00049485056324
5632CE,20049485056328
5633,00049485056331
5633CE,20049485056335
5634,00049485056348
5635,00049485056355
5635CE,20049485056359
5636,00049485056362
5637,00049485056379
5637CE,20049485056373
5638,00049485056386
5639,00049485056393
5639CE,20049485056397
5640,00049485056409
5641,00049485056416
5641CE,20049485056410
5642,00049485056423
5643CE,20049485056434
5644,00049485056447
5645,00049485056454
5646,00049485056461
5646CE,20049485056465
5647,00049485056478
5649CE,20049485056496
5650,00049485056508
5651CE,20049485056519
5652CE,20049485056526
5653CE,20049485056533
5655CE,20049485056557
5655OH,40049485056551
5656CE,20049485056564
5659CE,20049485056595
5660CE,20049485056601
5661CE,20049485056618
5662CE,20049485056625
5663CE,20049485056632
5664CE,20049485056649
5665CE,20049485056656
5666CE,20049485056663
5668CE,20049485056687
5669CE,20049485056694
567,00049485005674
5670CE,20049485056700
5671CE,20049485056717
5672CE,20049485056724
5673CE,20049485056731
5674CE,20049485056748
5675CE,20049485056755
5676CE,20049485056762
5677CE,20049485056779
5678CE,20049485056786
5679CE,20049485056793
568,00049485005681
5680,00049485056805
5681CE,20049485056816
5682CE,20049485056823
5683CE,20049485056830
5684,00049485056843
5684CE,20049485056847
5685,00049485056850
5685CE,20049485056854
5686CE,20049485056861
5688CE,20049485056885
568CE,20049485005685
5690CE,20049485056908
5691CE,20049485056915
5692CE,20049485056922
5693CE,20049485056939
5694CE,20049485056946
5695CE,20049485056953
5696CE,20049485056960
5697CE,20049485056977
5701,00049485057017
5703,00049485057031
5704,00049485057048
5705,00049485057055
5705CE,20049485057059
5706CE,20049485057066
5707,00049485057079
5708,00049485057086
5708CE,20049485057080
5709,00049485057093
5710,00049485057109
5711,00049485057116
5711A,00049485571100
5712,00049485057123
5712CE,20049485057127
5713,00049485057130
5714,00049485057147
5715,00049485057154
5715CE,20049485057158
5716CE,20049485057165
5717,00049485057178
5718,00049485057185
5718CE,20049485057189
5719CE,20049485057196
5720CE,20049485057202
5721CE,20049485057219
5722,00049485057222
5722CE,20049485057226
5723,00049485057239
5723CE,20049485057233
5724,00049485057246
5724CE,20049485057240
5725,00049485057253
5725CE,20049485057257
5726,00049485057260
5727,00049485057277
5728,00049485057284
5729,00049485057291
5730,00049485057307
5731,00049485057314
5732,00049485057321
5733,00049485057338
5734,00049485057345
5735,00049485057352
5736,00049485057369
5737,00049485057376
5738,00049485057383
5741,00049485057413
5742,00049485057420
5743,00049485057437
5744,00049485057444
5745,00049485057451
5749,00049485057499
575,00049485005759
5750,00049485057505
5750CE,20049485057509
5751,00049485057512
5751CE,20049485057516
5752,00049485057529
5752CE,20049485057523
5753,00049485057536
5754,00049485057543
5754CE,20049485057547
5755,00049485057550
5756,00049485057567
5756CE,20049485057561
5757,00049485057574
5757CE,20049485057578
5758,00049485057581
5758CE,20049485057585
5759,00049485057598
5759CE,20049485057592
575CE,20049485005753
576,00049485005766
5761,00049485057611
5761CE,20049485057615
5762,00049485057628
5762CE,20049485057622
5763,00049485057635
5763CE,20049485057639
5764,00049485057642
5764CE,20049485057646
5765,00049485057659
5765CE,20049485057653
5766,00049485057666
5767,00049485057673
5767CE,20049485057677
5768,00049485057680
5768CE,20049485057684
5769,00049485057697
5769CE,20049485057691
576CE,20049485005760
5770,00049485057703
5771,00049485057710
5772,00049485057727
5773,00049485057734
5774,00049485057741
5776,00049485057765
5778,00049485057789
5779,00049485057796
578,00049485005780
5781,00049485057819
5782,00049485057826
5783,00049485057833
578CE,20049485005784
579,00049485005797
5791,00049485057918
5791CE,20049485057912
5792,00049485057925
5792CE,20049485057929
5793,00049485057932
5793CE,20049485057936
5794,00049485057949
5794CE,20049485057943
5795,00049485057956
5795CE,20049485057950
5796,00049485057963
5796CE,20049485057967
5797,00049485057970
5798,00049485057987
5799,00049485057994
579CE,20049485005791
580,00049485005803
5801CE,20049485058018
5802CE,20049485058025
5803CE,20049485058032
5804CE,20049485058049
5805CE,20049485058056
5806CE,20049485058063
5807,00049485058076
5813,00797179058122
5813CE,20049485058131
5814CE,20049485058148
5815CE,20049485058155
5816CE,20049485058162
5817CE,20049485058179
5818CE,20049485058186
5819CE,20049485058193
582,00049485005827
5820CE,20049485058209
5821CE,20049485058216
5822CE,20049485058223
5823,00049485058236
5823CE,20049485058230
5824CE,20049485058247
5825,00049485058250
5826,00049485058267
5827CE,20049485058278
5828,00049485058281
5829,00049485058298
582CE,20049485005821
5830,00049485058304
5831CE,20049485058315
5832,00049485058328
5833,00049485058335
584,00049485005841
5840CE,20049485058407
5841CE,20049485058414
5842CE,20049485058421
5843,00049485058434
5843CE,20049485058438
5845CE,20049485058452
5846CE,20049485058469
5847CE,20049485058476
5848CE,20049485058483
5849CE,20049485058490
5850,00049485058502
5850CE,20049485058506
5851,00049485058519
5851CE,20049485058513
5853,00049485058533
5853CE,20049485058537
5855CE,20049485058551
5860CE,20049485058605
5862CE,20049485058629
5868,00049485058687
5868CE,20049485058681
5868OH,40049485058685
5869CE,20049485058698
5871CE,20049485058711
5872CE,20049485058728
5873CE,20049485058735
5874CE,20049485058742
5875CE,20049485058759
5876CE,20049485058766
5876OH,40049485058760
5877CE,20049485058773
5878CE,20049485058780
5880CE,20049485058803
5883CE,20049485058834
5886CE,20049485058865
5888CE,20049485058889
5889,00049485058892
590,00049485005902
5901,00049485059011
5901CE,20049485059015
5902,00049485059028
5903,00049485059035
5903CE,20049485059039
5905CE,20049485059053
5906,00049485059066
5906CE,20049485059060
5907,00049485059073
5907CE,20049485059077
5908,00049485059080
5909,00049485059097
5910,00049485059103
5911,00049485059110
592,00049485005926
5940,20049485059404
595,00049485005957
5950,00049485059509
5951,00049485059516
5952,00049485059523
5953,00049485059530
5954,00049485059547
5955,00049485059554
5980,20049485059800
5981,20049485059817
5983,20049485059831
5984,20049485059848
5985CE,20049485059855
5986CE,20049485059862
5987CE,20049485059879
5988,20049485059886
5990,00049485059905
5991,00049485059912
60001,00049485600015
60002,00004948560008
60011,00049485600114
60020,00049485600206
60021,00049485600213
60030,00049485600305
60040,00049485600404
60041,00049485600411
60042,00049485600428
60050,00049485600503
60051,00049485600510
60061,00049485600619
60062,00049485600626
60070,00049485600701
60071,00049485600718
60081,00049485600817
60091,00049485600916
60100,00049485601005
60101,00049485601012
60102,00049485601029
60110,00049485601104
60111,00049485601111
60112,00049485601128
60121,00049485601210
60131,00049485601319
60141,00049485601418
60150,00049485601500
60160,00049485601609
60171,00049485601715
60180,00049485601807
60190,00049485601906
60201,00049485602019
60210,00049485602101
60221,00049485602217
60230,00049485602309
60231,00049485602316
60240,00049485602408
60250,00049485602507
60260,00049485602606
60270,00049485602705
60271,00049485602712
60272,00049485602729
60280,00049485602804
60291,00049485602910
60300,00049485603009
60301,00049485603016
60302,00049485603023
60303,00049485603030
60310,00049485603108
60311,00049485603115
60312,00049485603122
60320,00049485603207
60321,00049485603214
60323,00049485603238
60330,00049485603306
60340,00049485603405
60340B,20049485603409
60350,00049485603504
60361,00049485603610
60371,00049485603719
60380,00049485603801
60381,00049485603818
60390,00049485603900
60400,00049485604006
60401,00049485604013
60402,00049485604020
60421,00049485604211
60430,00049485604303
60440,00049485604402
60450,00049485604501
60451,00049485604518
60452,00049485604525
60462,00049485604624
60470,00049485604709
60471,00049485604716
60472,00049485604723
60481,00049485604815
60491,00049485604914
60501,00049485605010
60531,00049485605317
60561,00049485605614
60571,00049485605713
60601,00049485606017
60631,00049485606314
60640,00049485606406
60650,00049485606505
60661,00049485606611
60680,00049485606802
60690,00049485606901
60700,00049485607007
60710,00049485607106
60730,00049485607304
60750,00049485607502
60770,00049485607700
60802,00049485608028
60811,00049485608110
60821,00049485608219
60831,00049485608318
60861,00049485608615
60901,00049485609018
61000,00049485610007
61010,00049485610106
61021,00049485610212
61060,00049485610601
61080,00049485610809
61100,00049485611004
61110,00049485611103
61131,00049485611318
61180,00049485611806
61200,00049485612001
61250,00049485612506
61251,00049485612513
61252,00049485612520
62010,00049485620105
62060,00049485620600
62070,00049485620709
62080,00049485620808
62090,00049485620907
62110,00049485621102
62121,00049485621218
62150,00049485621508
63010,00049485630104
63020,00049485630203
63030,00049485630302
63031,00049485630319
63040,00049485630401
63050,00049485630500
63060,00049485630609
63070,00049485630708
63080,00049485630807
63090,00049485630906
63100,00049485631002
63110,00049485631101
63120,00049485631200
63121,00049485631217
63130,00049485631309
63140,00049485631408
63150,00049485631507
63180,00049485631804
63190,00049485631903
63200,00049485632009
63210,00049485632108
63220,00049485632207
63230,00049485632306
63240,00049485632405
63251,00049485632511
63260,00049485632603
63270,00049485632702
63280,00049485632801
63290,00049485632900
63300,00049485633006
63310,00049485633105
63320,00049485633204
63330,00049485633303
63340,00049485633402
63350,00049485633501
63360,00049485633600
63370,00049485633709
63380,00049485633808
63390,00049485633907
63400,00049485634003
63410,00049485634102
63440,00049485634409
63490,20049485634908
63500,00049485635000
63510,00049485635109
63520,00049485635208
63530,00049485635307
63531,00049485635314
63540,00049485635406
63550,00049485635505
63560,00049485635604
63570,00049485635703
63580,00049485635802
63590,00049485635901
63600,00049485636007
63620,00049485636205
63630,00049485636304
63640,00049485636403
63650,00049485636502
63660,00049485636601
63700,00049485637004
63711,00049485637110
63721,00049485637219
63731,00049485637318
63741,00049485637417
63751,00049485637516
63770,00049485637707
63780,00049485637806
63790,00049485637905
63900,00049485639008
63910,00049485639107
63920,00049485639206
63930,00049485639305
63940,00049485639404
63950,00049485639503
63960,00049485639602
64011,00049485640110
64011A,10049485640117
64021,10049485640216
64031,00049485640318
64040,00049485640400
64050,00049485640509
64060,00049485640608
64070,00049485640707
64080,00049485640806
64100,00049485641001
64121,00049485641216
64150,00049485641506
64160,00049485641605
64170,00049485641704
64180,00049485641803
64190,00049485641902
64200,00049485642008
64210,00049485642107
64241,00049485642411
64251,00049485642510
64261,00049485642619
64281,00049485642817
64283,00049485642831
64284,00049485642848
64285,00049485642855
64286,00049485642862
64330,00049485643302
64340,00049485643401
64350,00049485643500
64360,00049485643609
64390,00049485643906
64400,00049485644002
64410,00049485644101
64420,00049485644200
64431,00093901180254
64440,00049485644408
64450,00049485644507
64460,00049485644606
64471,00049485644712
64480,00049485644804
66010,00049485660101
66040,00049485660408
66060,00049485660606
66090,00049485660903
66110,00049485661108
66120,00049485661207
66140,00049485661405
66150,00049485661504
66160,00049485661603
66170,00049485661702
66181,00049485661818
66190,00049485661900
66200,00049485662006
66260,00049485662600
66360,00049485663607
66370,00049485663706
66411,00049485664116
67010,00049485670100
67020,00049485670209
67030,00049485670308
67810,00049485678106
67830,10049485678301
67840,10049485678400
67850,00049485678502
67860,00049485678601
67870,00049485678700
67880,00049485678809
67910,00049485679103
68010,10049485680106
68010B,20049485680103
68020,10049485680205
68020B,20049485680202
68030,10049485680304
68030B,20049485680301
68040,10049485680403
68050,10049485680502
68210,10049485682100
68210B,20049485682107
68220,10049485682209
68300,10049485683008
68310,10049485683107
68320,10049485683206
68320B,20049485683203
68330,10049485683305
68330B,20049485683302
68340,10049485683404
68340B,20049485683401
68350,10049485683503
68350B,20049485683500
68360,10049485683602
68370,10049485683701
68370B,20049485683708
68380,10049485683800
68380B,20049485683807
68390,10049485683909
68390B,20049485683906
68401,10049485684012
68441,10049485684418
68500,10049485685002
68500B,20049485685009
68530,10049485685309
69557,00049485695578
69584,00049485695844
69592,00049485695929
69595,00049485695950
69601,00049485696018
69603,00049485696032
69604,00049485696049
69605,00049485696056
69606,00049485696063
69608,00049485696087
69609,00049485696094
69616,00049485696162
69618,00049485696186
69620,00049485696209
69625,00049485696254
69636,00049485696360
70011,00049485700111
700-1946,00049485752707
700244,10642205902443
700245,10642205902450
700246,10642205902467
700255,10642205902559
700257,10642205902573
700286,10642205902863
700288,10642205902887
700290,10642205902900
70040,00049485700401
70050,00049485700500
70071,00049485700715
70100,00049485701002
70111,00049485701118
70120,00049485701200
70121,00049485701217
70131,00049485701316
70150,00049485701507
70160,00049485701606
70171,00049485701712
702,00049485007029
70201,00049485702016
70211,00049485702115
70221,00049485702214
70241,00049485702412
70250,00049485702504
70260,00049485702603
70270,00049485702702
70281,00049485702818
70291,00049485702917
703,00049485007036
70301,00049485703013
70311,00049485703112
705,00049485007050
705A,10049485007057
707,00049485007074
707O,60049485007076
71010,00049485710103
71020,00049485710202
71030,00049485710301
71110,00049485711100
71111,00049485711117
71501,00049485715016
71511,00049485715115
71521,00049485715214
71531,00049485715313
71541,00049485715412
71550,00049485715504
71560,00049485715603
71571,00049485715719
71581,00049485715818
71591,00049485715917
71601,00049485716013
71611,00049485716112
71621,10658249683262
71631,00049485716310
71641,00049485716419
71651,00049485716518
71661,00049485716617
71671,00049485716716
71681,10889356122126
71701,00049485717010
71711,00049485717119
71721,00049485717218
71731,00049485717317
72020,00049485720201
72030,00049485720300
72031,00049485720317
72060,00049485720607
72071,10049485720710
72081,00049485720812
72091,00049485720911
72101,00049485721017
72121,00049485721215
72131,10889356141127
722,00049485007227
724,00049485007241
725,00049485007258
73000,00049485730002
73020,00049485730200
73021,00890253001745
73030,00049485730309
73040,00049485730408
73041,00049485730415
73050,00049485730507
73060,00049485730606
73061,00049485730613
73080,00049485730804
73111,00049485731115
73121,00049485731214
73130,00049485731306
73140,00049485731405
73151,00049485731511
73160,00049485731603
73171,00049485731719
73190,00049485731900
73210,00049485732105
73220,00049485732204
73230,00049485732303
73240,00049485732402
73250,00049485732501
73260,00049485732600
73290,00049485732907
73320,00049485733201
73330,00049485733300
73340,00049485733409
73350,00049485733508
73360,00049485733607
73370,00049485733706
73400,00049485734000
73411,00049485734116
73420,00049485734208
73430,00049485734307
73440,00049485734406
73450,00049485734505
73451,00049485734512
73460,00049485734604
73470,00049485734703
73480,00049485734802
73481,00049485734819
73491,00049485734918
73511,00049485735113
73521,00049485735212
73531,00049485735311
73541,00049485735410
73551,00049485735519
73561,00049485735618
73571,00049485735717
73581,00049485735816
73591,00049485735915
73601,00049485736011
73621,00049485736219
73631,00049485736318
74010,00049485740100
74020,00049485740209
74030,00049485740308
74040,00049485740407
74050,00049485740506
74060,00049485740605
74080,00049485740803
74090,00049485740902
74100,00049485741008
74111,00049485741114
74121,00049485741213
74130,00049485741305
74131,00049485741312
74140,00049485741404
74141,00049485741411
74150,00049485741503
74151,00049485741510
74160,00049485741602
74170,00049485741701
74180,00049485741800
74191,00049485741916
74201,00049485742012
74211,00049485742111
74221,00049485742210
74231,00049485742319
74241,00049485742418
74251,00049485742517
74261,00049485742616
74920,00049485749202
75010,00049485750109
75020,00049485750208
75021,00890253001028
75030,00049485750307
75040,00049485750406
75050,00049485750505
75060,00049485750604
75070,00049485750703
75081,00049485750819
75082,00049485750826
75083,00049485750833
75090,00049485750901
75100,00049485751007
75110,00049485751106
75120,00049485751205
75121,00049485751212
75130,00049485751304
75131,00890253001035
75140,00049485751403
75141,00049485751410
75142,00049485751427
75150,00049485751502
75151,00806795488845
75152,10093901287769
75160,00049485751601
75171,00049485751717
75181,00049485751816
75191,00049485751915
75200,00049485752004
75211,00049485752110
75221,00049485752219
75231,00049485752318
75240,00049485752400
75250,00049485752509
75251,00806795606546
75260,00049485752608
75261,00049485752615
75270,00049485752707
75290,00049485752905
75291,00049485752912
75293,00806795606553
75300,00049485753001
75311,00049485753117
75320,00049485753209
75331,00049485753315
75340,00049485753407
75341,00049485753414
75350,00049485753506
75370,00049485753704
75371,00049485753711
75381,00049485753810
75390,00049485753902
75391,00806795488821
75392,10093901653083
75393,00049485753933
75401,00049485754015
75410,00049485754107
75421,50758108717645
75431,00049485754312
75440,00049485754404
75441,00806795488807
75442,00049485754428
75451,00734730548586
75460,00049485754602
75471,00049485754718
75481,00049485754817
75490,00049485754909
75501,00734730548593
75510,00049485755104
75521,00049485755210
75530,00049485755302
75541,00049485755418
75550,00049485755500
75561,00049485755616
75570,00049485755708
75571,10734730616381
75581,00049485755814
75591,00049485755913
75600,00049485756002
75601,00049485756019
75611,00049485756118
75621,10093901271461
75631,00049485756316
75641,00049485756415
75651,00049485756514
75661,00049485756613
75671,00049485756712
75681,10889356002152
75691,10889356002145
75700,00049485757009
75701,00049485757016
75702,10889356141134
75710,00049485757108
75721,00049485757214
75741,00049485757412
75751,00049485757511
75761,00049485757610
75770,00049485757702
75781,00049485757818
75791,00049485757917
75801,50758108790839
75811,00049485758112
75821,00049485758211
75831,00049485758310
75841,00049485758419
75851,00049485758518
75861,00049485758617
75871,00093901465207
75881,00093901465177
75891,00093901465122
75901,10049485759017
75910,10049485759109
75921,10889356037154
75931,00049485759317
75941,10049485759413
75951,10049485759512
75961,00049485759614
75971,00049485759713
75972,00049485759720
75981,00049485759812
75991,00049485759911
76101,10049485761010
76110,10049485761102
76201,10049485762017
76411,10049485764110
76421,10049485764219
76431,10049485764318
76510,10049485765100
76601,10049485766015
76611,10049485766114
76621,10049485766213
76631,10049485766312
76641,10049485766411
76711,10049485767111
76721,10049485767210
76731,10049485767319
76740,00049485767404
76801,10049485768019
76901,10049485769016
76910,00049485769101
76920,00049485769200
76930,00049485769309
76940,00049485769408
76950,00049485769507
76960,00049485769606
76971,10049485769719
77011,00049485770114
77020,00049485770206
77050,00049485770503
77060,00049485770602
77070,00049485770701
77090,00049485770909
77100,00049485771005
77130,00049485771302
77131,00049485771319
77140,00049485771401
77150,00049485771500
77160,00049485771609
77170,10049485771705
77180,00049485771807
77191,00049485771913
77200,00049485772002
77210,00049485772101
77220,00049485772200
77230,00049485772309
77241,00049485772415
77251,07086158099946
77260,00049485772606
77271,00049485772712
77281,00049485772811
77291,00049485772910
77300,00049485773009
77301,10889356037130
77302,00806795561289
77310,00049485773108
77320,00049485773207
77330,00049485773306
77340,00049485773405
77350,00049485773504
77361,00049485773610
77371,00049485773719
77381,00049485773818
77391,00049485773917
77400,00049485774006
77411,00049485774112
77421,00049485774211
77431,00049485774310
77441,00806795561197
77451,00049485774518
77461,00049485774617
77471,00049485774716
77481,00049485774815
77491,00049485774914
77510,00049485775102
77601,00049485776017
77611,00049485776116
77621,00049485776215
77631,00049485776314
77640,00049485776406
77641,10889356082628
77642,10093901287776
77643,00806795606522
77651,00049485776512
77700,00049485777007
77711,00049485777113
78010,00049485780106
78011,00890253001042
78050,00049485780502
78060,10049485780608
78071,10093901116663
79010,00049485790105
79020,00049485790204
79030,00049485790303
79040,00049485790402
79060,00049485790600
79061,00049485790617
79062,00049485790624
79070,00049485790709
79080,00049485790808
79090,00049485790907
79100,00049485791003
79111,00049485791119
79120,00049485791201
79130,00049485791300
79140,00049485791409
79150,00049485791508
79151,00049485791515
79160,00049485791607
79190,00049485791904
79200,00049485792000
79210,00049485792109
79220,00049485792208
79230,00049485792307
79240,00049485792406
79241,00692595964135
79242,00049485792420
79250,00049485792505
79260,00049485792604
79270,00049485792703
79280,00049485792802
79282,00049485792826
79290,00049485792901
79301,00049485793014
79310,00049485793106
79320,00049485793205
79331,00049485793311
79341,00049485793410
79351,00049485793519
79361,00049485793618
79370,00049485793700
79381,00049485793816
79391,00049485793915
79401,00049485794011
79411,00049485794110
79421,50758108792987
79431,00049485794318
79441,00049485794417
79451,00049485794516
79452,00049485794523
79461,00049485794615
79471,00049485794714
79472,00049485794721
79481,00806795561234
79490,10049485794902
79501,10049485795015
79511,00049485795117
79520,00049485795209
79521,00806795561241
79531,00049485795315
79540,00049485795407
79541,00049485795414
79561,00049485795612
79562,00049485795629
79571,10049485795718
79580,00049485795803
79581,00049485795810
79591,00722332300145
79591X,20049495795913
79601,00049485796015
79620,00049485796206
79631,00049485796312
79632,00049485796329
79641,00049485796411
79650,00049485796503
79651,10889356090555
79661,10658249683248
79671,10658249683255
79681,00049485796817
79691,00049485796916
79701,00853405006869
79711,10767367002265
79721,00049485797210
79731,00049485797319
79732,00049485797326
79741,00049485797418
79751,00049485797517
79761,00049485797616
79771,00049485797715
80010,00049485800101
90001,00049485900016
901,00049485009016
902,00049485009023
903,00049485009030
904,00049485009047
905,00049485009054
906,00049485009061
907,00049485009078
908,00049485009085
909,00049485009092
910,00049485009108
91010,00049485910107
91020,00049485910206
91040,00049485910404
91050,00049485910503
91060,00049485910602
91070,00049485910701
91081,50758108717638
911,00049485009115
91100,00049485911005
91120,00049485911203
91130,00049485911302
91131,10734730623068
91132,00806795561210
91140,00049485911401
91141,10889356002756
91150,00049485911500
91151,10889356002770
91152,00049485911524
91153,00806795561203
91154,00049485911548
91160,00049485911609
91171,00049485911715
91191,10889356002725
912,00049485009122
91200,00049485912002
91210,00049485912101
91220,00049485912200
91231,10049485912313
913,00049485009139
914,00049485009146
915,00049485009153
916,00049485009160
916B,20049485009164
917,00049485009177
918,00049485009184
920,00049485009207
92010,10049485920103
92020,10049485920202
92030,00049485920304
92040,00049485920403
92050,00049485920502
92061,00049485920618
92130,00049485921301
92131,00049485921318
92150,00049485921509
922,00049485009221
923,00049485009238
924,00049485009245
924V,80049485009241
925,00049485009252
926,00049485009269
926A,10049485009266
926B,20049485009263
927,00049485009276
928,00049485009283
929,00049485009290
930,00049485009306
931,00049485009313
932,00049485009320
932A,10049485009327
933,00049485009337
934,00049485009344
935,00049485009351
935A,10049485009358
936,00049485009368
936A,10049485009365
937,00049485009375
938,00049485009382
939,00049485009399
940,00049485009405
941,00049485009412
942,00049485009429
943,00049485009436
944,00049485009443
945,00049485009450
945B,20049485009454
946,00049485009467
946A,10049485009464
947,00049485009474
948,00049485009481
948A,10049485009488
948B,20049485009485
949,00049485009498
949A,10049485009495
950,00049485009504
95010,00049485950103
951,00049485009511
952,00049485009528
953,00049485009535
954,00049485009542
955A,10049485009556
956,00049485009566
957,00049485009573
958,00049485009580
959,00049485009597
960,00049485009603
96010,10049485960109
96020,00049485960201
96030,00049485960300
96040,00049485960409
96050,00049485960508
96060,00049485960607
96070,00049485960706
96090,00049485960904
961,00049485009610
96100,00049485961000
96102,00734730548579
96103,00049485961031
96104,00806795561227
96110,00049485961109
961B,20049485009614
962,00049485009627
963,00049485009634
963B,20049485009638
964,00049485009641
965,00049485009658
966,00049485009665
967,00049485009672
967D,40049485009670
968,00049485009689
969,00049485009696
970,00049485009702
97020,00049485970200
97030,00049485970309
97040,00049485970408
97050,00049485970507
97060,00049485970606
97070,00049485970705
97081,10049485970818
971,00049485009719
97101,00049485971016
97111,00049485971115
97121,00049485971214
972B,20049485009720
974,00049485009740
975,00049485009757
9757,00049485097570
976,00049485009764
977,10049485009778
978,00049485009788
979,00049485009795
980,00049485009801
98010,00049485980100
98021,10049485980213
98030,10049485980305
98040,10049485980404
98051,00049485980513
98070,00049485980704
98081,00049485980810
98090,00049485980902
981,00049485009818
98100,00049485981008
98111,00049485981114
982,00049485009825
982B,20049485009829
982T,70049485009824
983,00049485009832
984,00049485009849
985,00049485009856
986,00049485009863
988,00049485009887
989,00049485009894
990,00049485009900
99010,00049485990109
991,00049485009917
992,00049485009924
993,00049485009931
994,00049485009948
995,00049485009955
996,00049485009962
997,00049485009979
998,00049485009986
998B,20049485009980
999,00049485009993
99999,00049485999997
A680,00049485006800
A688,00049485006886
A690,00049485006909
A691,00049485006916
A695,00049485006954
A697,00049485006978
A708,70049485007080
A712,70049485007127
A714,70049485007141
A716,70049485007165
A718,70049485007189
A719,70049485007196
A729,70049485007295
A732,70049485007325
C[P5057,1049485050572
C0913,10049485009136
C0913A,30049485009130
C0913B,00855594007917
C1083,30049485010839
C1148B,20049485011488
C40151,30049485401514
C42270,30049485422700
C42490,30049485424902
C42490A,10049485424908
C42491,30049485424919
C425,30049485004258
C42500A,10049485425004
C42501,30049485425015
C42870,30049485428702
C42870A,10049485428708
C42871,30049485428719
C430,30049485004302
C437,30049485004371
C450,30049485004500
C47470,30049485474709
C47470A,10049485474705
C47471,30049485474716
C48310,30049485483107
C48320,30049485483206
C48410,30049485484104
C48420,30049485484203
C48430,30049485484302
C48461,30049485484616
C48471,30049485484715
C48481,30049485484814
C48610,30049485486108
C5025,30049485050255
C5025A,10049485050251
C5025B,20049485050258
C5025C,30049485050255
C5025CE,20049485050258
C5026,30049485050262
C5026B,20049485056267
C5026CE,30049485050262
C5050,30049485050507
C5050B,20049485050500
C5050C,30049485050507
C5813,30049485058138
C5903,30049485059036
C60101,30049485601013
C60160,30049485601600
C60160B,10049485601606
C60410,30049485604106
C61060,30049485610602
C61060B,10049485610608
C613,30049485006139
C62010,30049485620106
C62060,30049485620601
C62060B,20049485620604
C63160,30049485631607
C63160B,20049485631600
C63170,30049485631706
C63170B,20049485631709
C64021,30049485640210
C64021B,20049485640213
C64022,30049485640227
C64040,30049485640401
C64090,30049485640906
C64110,30049485641101
C64140,30049485641408
C64140B,20049485641401
C64230,30049485642306
C64231,30049485642313
C64270,30049485642702
C64270B,20049485642705
C64284,30049485642849
C64284A,10049485642845
C64284B,20049485642842
C64300,30049485643006
C64340,30049485643402
C67850,20049485678506
C67870,30049485678701
C67910,30049485679104
C68310,30049485683101
C68310B,20049485683104
C70020,30049485700204
C70031,30049485700310
C70060,10049485700606
C70060A,30049485700600
C70061,3004948570067
C70080,30049485700808
C70081,20049485700818
C70090,30049485700907
C70100,30049485701003
C70140,30049485701409
C70180,30049485701805
C70180A,10049485701801
C70181,30049485701812
C70190,30049485701904
C702,30049485007020
C70230,10049485702303
C702A,10049485007026
C705,30049485007051
C70500,30049485705001
C705A,10049485007057
C72040,30049485720400
C72060,30049485720608
C722,30049485007228
C73010,30049485730102
C73010A,10049485730108
C73011,30049485730119
C73020,30049485730201
C73070,30049485730706
C73090A,10049485730900
C73091,3004948573091
C73100,30049485731000
C73100A,10049485731006
C73200,30049485732007
C73200A,10049485732003
C73201,30049485732014
C73500,30049485735008
C73500A,10049485735004
C73501,30049485735015
C75020,30049485750209
C75070,30049485750704
C75070A,10049485750700
C75071,30049485750711
C75280,30049485752807
C75280A,10049485752803
C75360,30049485753606
C75360A,10049485753602
C75361,30049485753613
C75730,30049485757307
C76010,30049485760109
C77050,30049485770504
C78010,30049485780107
C841,30049485008416
C842,30049485008423
C844,30049485008447
C845,30049485008454
C846,30049485008461
C848,30049485008485
C849,30049485008492
C850,30049485008508
C851,30049485008515
C860,30049485008607
C866,30049485008669
C877,30049485008775
C878,30049485008782
C883,30049485008836
C885,30049485008850
C886,30049485008867
C887,30049485008874
C888,30049485008881
C888A,10049485008887
C890,30049485008904
C892,30049485008928
C894,30049485008942
C895,30049485008959
C897,30049485008973
C898,30049485008980
C899,30049485008997
C901,30049485009017
C901A,30049485009017
C902,30049485009024
C905,30049485009055
C91110,30049485911105
C91120,30049485911204
C91180,30049485911808
C919,30049485009192
C921,30049485009215
C923,30049485009239
C924,30049485009246
C937,30049485009376
C945,30049485009451
C946,30049485009468
C965,30049485009659
C97010,30049485970102
C97090,30049485970904
C97091,30049485970911
C97100,30049485971000
C973,30049485009734
C98060,30049485980606
C987,30049485009871
C987A,10049485009877
C999,30049485009994
CP5020,10049485050206
CP5021,10049485050213
CP5022,10049485050220
CP5023,10049485050237
CP5025,10049485050251
CP5026,10049485050268
CP5027,10049485050275
CP5028,10049485050282
CP5029,10049485050299
CP5030,10049485050305
CP5033,10049485050336
CP5035,10049485050350
CP5036,10049485050367
CP5038,10049485050381
CP5039,10049485050398
CP5040,10049485050404
CP5041,10049485050411
CP5045,10049485050459
CP5046,10049485050466
CP5047,10049485050473
CP5048,10049485050480
CP5049,10049485050497
CP5051,10049485050510
CP5052,10049485050527
CP5053,10049485050534
CP5054,10049485050541
CP5056,10049485050565
CP5057,10049485050572
CP5090,10049485050909
CP5106,10049485051067
CP5107,10049485051074
CP5108,10049485051081
CP5109,10049485051098
CP515,10049485005152
CP5150,10049485051500
CP5151,10049485051517
CP5152,10049485051524
CP5156,10049485051562
CP5157,10049485051579
CP5162,10049485051623
CP5163,10049485051630
CP519,10049485005190
CP5203,10049485052033
CP5205,10049485052057
CP5219,10049485052194
CP5222,10049485052224
CP5224,10049485052248
CP5228,10049485052286
CP5230,10049485052309
CP5232,10049485052323
CP5234,10049485052347
CP5235,10049485052354
CP5236,10049485052361
CP5238,10049485052385
CP5239,10049485052392
CP5240,10049485052408
CP5241,10049485052415
CP5242,10049485052422
CP5244,10049485052446
CP5245,10049485052453
CP5246,10049485052460
CP5249,10049485052491
CP5250,10049485052507
CP5251,10049485052514
CP5252,10049485052521
CP5253,10049485052538
CP5254,10049485052545
CP5256,10049485052569
CP5257,10049485052576
CP5258,10049485052583
CP5267,10049485052675
CP5269,10049485052699
CP5271,10049485052712
CP5280,10049485052804
CP5303,10049485053030
CP5304,10049485053047
CP5307,10049485053078
CP5309,10049485053092
CP5316,10049485053160
CP5320,10049485053207
CP5326,10049485053269
CP5332,10049485053320
CP5333,10049485053337
CP5334,10049485053344
CP5337,10049485053375
CP5338,10049485053382
CP5339,10049485053399
CP5340,10049485053405
CP5341,10049485053412
CP5342,10049485053429
CP5343,10049485053436
CP5344,10049485053443
CP5345,10049485053450
CP5346,10049485053467
CP5347,10049485053474
CP5348,10049485053481
CP5360,10049485053603
CP5391,10049485053917
CP5393,10049485053931
CP5394,10049485053948
CP5395,10049485053955
CP5396,10049485053962
CP5397,10049485053979
CP5401,10049485054013
CP5402,10049485054020
CP5406,10049485054068
CP5407,10049485054075
CP5414,10049485054143
CP5416,10049485054167
CP5417,10049485054174
CP5421,10049485054211
CP5422,10049485054228
CP5424,10049485054242
CP5425,10049485054259
CP5426,10049485054266
CP5429,10049485054297
CP5430,10049485054303
CP5431,10049485054310
CP5432,10049485054327
CP5433,10049485054334
CP5434,10049485054341
CP5435,10049485054358
CP5436,10049485054365
CP5437,10049485054372
CP5438,10049485054389
CP5439,10049485054396
CP5440,10049485054402
CP5441,10049485054419
CP545,10049485005459
CP550,10049485005503
CP5501,10049485055010
CP5502,10049485055027
CP5515,10049485055157
CP5518,10049485055188
CP552,10049485005527
CP5521,10049485055218
CP5523,10049485055232
CP5528,10049485055287
CP5529,10049485055294
CP5530,10049485055300
CP5531,10049485055317
CP5532,10049485055324
CP5533,10049485055331
CP5536,10049485055362
CP5537,10049485055379
CP5538,10049485055386
CP5543,10049485055430
CP5561,10049485055614
CP5578,10049485055782
CP5580,10049485055805
CP5590,10049485055904
CP5591,10049485055911
CP5592,10049485055928
CP5593,10049485055935
CP5594,10049485055942
CP5595,10049485055959
CP5596,10049485055966
CP5597,10049485055973
CP5598,10049485055980
CP5601,10049485056017
CP5602,10049485056024
CP5603,10049485056031
CP5604,10049485056048
CP5607,10049485056079
CP5608,10049485056086
CP5609,10049485056093
CP5610,10049485056109
CP5611,10049485056116
CP5612,10049485056123
CP5613,10049485056130
CP5614,10049485056147
CP5615,10049485056154
CP5617,10049485056178
CP5619,10049485056192
CP5620,10049485056208
CP5621,10049485056215
CP5622,10049485056222
CP5623,10049485056239
CP5624,10049485056246
CP5625,10049485056253
CP5626,10049485056260
CP5627,10049485056277
CP5628,10049485056284
CP5629,10049485056291
CP563,10049485005633
CP5630,10049485056307
CP5631,10049485056314
CP5632,10049485056321
CP5633,10049485056338
CP5635,10049485056352
CP5637,10049485056376
CP5638,10049485056383
CP5639,10049485056390
CP5640,10049485056406
CP5641,10049485056413
CP5642,10049485056420
CP5643,10049485056437
CP5644,10049485056444
CP5645,10049485056451
CP5646,10049485056468
CP5647,10049485056475
CP5648,10049485056482
CP5649,10049485056499
CP5650,10049485056505
CP5651,10049485056512
CP5652,10049485056529
CP5653,10049485056536
CP5654,10049485056543
CP5655,10049485056550
CP5656,10049485056567
CP5657,10049485056574
CP5658,10049485056581
CP5659,10049485056598
CP5660,10049485056604
CP5661,10049485056611
CP5662,10049485056628
CP5663,10049485056635
CP5664,10049485056642
CP5665,10049485056659
CP5666,10049485056666
CP5667,10049485056673
CP5668,10049485056680
CP5669,10049485056697
CP567,10049485005671
CP5670,10049485056703
CP5671,10049485056710
CP5672,10049485056727
CP5673,10049485056734
CP5674,10049485056741
CP5675,10049485056758
CP5676,10049485056765
CP5677,10049485056772
CP5678,10049485056789
CP5679,10049485056796
CP568,10049485005688
CP5680,10049485056802
CP5681,10049485056819
CP5682,10049485056826
CP5683,10049485056833
CP5684,10049485056840
CP5685,10049485056857
CP5685B,10049485568527
CP5686,10049485056864
CP5687,10049485056871
CP5688,10049485056888
CP5689,10049485056895
CP5690,10049485056901
CP5691,10049485056918
CP5692,10049485056925
CP5693,10049485056932
CP5694,10049485056949
CP5695,10049485056956
CP5696,10049485056963
CP5697,10049485056970
CP5698,10049485056987
CP5699,10049485056994
CP578,10049485005787
CP579,10049485005794
CP5801,10049485058011
CP5802,10049485058028
CP5803,10049485058035
CP5804,10049485058042
CP5813,10049485058134
CP5814,10049485058141
CP5815,10049485058158
CP5816,10049485058165
CP5817,10049485058172
CP5818,10049485058189
CP5819,10049485058196
CP5820,10049485058202
CP5821,10049485058219
CP5822,10049485058226
CP5823,10049485058233
CP5824,10049485058240
CP5840,10049485058400
CP5841,10049485058417
CP5842,10049485058424
CP5843,10049485058431
CP5844,10049485058448
CP5845,10049485054853
CP5846,10049485058462
CP5847,10049485058479
CP5848,10049485058486
CP5849,10049485058493
CP5850,10049485058509
CP5851,10049485058516
CP5853,10049485058530
CP5855,10049485058554
CP5860,10049485058608
CP5861,10049485058615
CP5862,10049485058622
CP5868,10049485058684
CP5869,10049485058691
CP5872,10049485058721
CP5874,10049485058745
CP5875,10049485058752
CP5876,10049485058769
CP5877,10049485058776
CP5878,10049485058783
CP5879,10049485058790
CP5880,10049485058806
CP5882,10049485058820
CP5883,10049485058837
CP5886,10049485058868
CP5887,10049485058875
CP5888,10049485058882
CP5889,10049485058899
CP5890,10049485058905
CP5982,20049485059824
DUMMY,00049485000006
O5626,60049485056265
O5684,60049485056845
QA9999,00049485100003
RD2192H,90049485219289
RD2397O,90049485023978
RD2399K,90049485023992
RD2407,90049485124071
RD2407L,90049485224078
RD2407P,90049485924077
RD2433G,90049485124330
RD2460C,90049485124606
RD2460D,90049485224603
RD2523B,90049485252323
RD2523C,90049485252330
RD2596,90049485025965
RD2624I,90049485262490
RD2684,90049485268409
RD2688,90049485026887
RD2689,90049485026894
RD2696,90049485026962
RD2696A,90049485269611
RD2696F,90049485269666
RD2697,90049485026979
RD2722,90049485027228
RD2723,90049485027235
RD2724,90049485027242
RD2744,90049485027440
RD2750G,90049485275070
RD2757A,90049485275711
RD2825A,90049485282511
RD2831B,90049485283129
RD2843,90049485028430
RD2844,90049485028447
RD2845,90049485028546
RD2848,90049485028485
RD2854,90049485028546
RD2876,90049485028768
RD2896,90049485028966
RD2903,90049485029031
RD2904,90049485029048
RD2933,90049485029338
RD2937,90049485029376
RD2939,90049485029390
RD2942,90049485029420
RD2945A,90049485029451
RD2946,90049485029468
RD2946A,90049485294613
RD2949C,90049485029499
RD2952,90049485029529
RD2954,90049485029543
RD2955I,90049485029550
RD2962,90049485029628
RD2966D,90049485296648
RD2981A,90049485298116
RD2981C,90049485298130
RD2988B,90049485029888
RD2988C,90049485298833
RD2992,90049485029925
RD2995,10029800113984
RD3006A,90049485030068
RD3022C,90049485030228
RD3049E,90049485030495
RD3058,90049485030587
RD3064E,90049485030648
RD3066D,90049485030662
RD3072NN,90049485030723
RD3072Z,90049485030723
RD3133I,90049485031331
RD3263B,90049485032635
RD3263D,90049485326345
RD3263E,90049485326352
RD3263F,90049485326369
RD3263G,90049485326376
RD3263H,90049485326383
RD3263J,90049485326307
RD3263K,90049485326314
RD3263L,90049485326321
RD3313A,90049485331318
RD3313B,90049485331325
RD3362,90049485033625
RD3377,90049485033779
RD3467M,90049585346701
RD3688A,0049485RD3688A
RD3688B,0049485RD3688B
RD3688C,0049485RD3688C
RD3688D,0049485RD3688D
RD3720,90049485037203
RD3744,90049485037449
RD3749,90049485034794
RD3763N,90049485376302
RD3763O,90049485376319
RD3763P,90049485376326
RD3773E,90049485037739
RD3773F,90049485377361
RD3866,90049485038668
RD3866A,90049485386615
RD3900,90049485039009
RD3930,20049485056618
RD3931,20049485056618
RD3934,90049485039344
RD3935,00049485637219
RD3936,90049485039368
RD3976,90049485039764
RD3985,90049485039856
RD3986,90049485039863
RD3987,90049485039870
RD3996,90049485039962
RD4142U,90049485041422
RD4170C,90049485041705
RD4175I,90049485041750
RD4242,90049485042429
RD4242R,90049485142427
RD4242T,90049485242424
RD4295A,90049485042955
RD4357,90049485043570
RD4381,90049485043815
RD75931,90049485759310
S40000,80049485400000
S40020,80049485400208
S40030,80049485400307
S40040,80049485400406
S40050,80049485400505
S40070,80049485400703
S40080,80049485400802
S40091,80049485400918
S40101,8004948540104
S40130,80049485401304
S40151,80049485401519
S41020,80049485410207
S41190,80049485411907
S42010,80049485420107
S42060,80049485420602
S42130,80049485421302
S42180,80049485421807
S42220,80049485422200
S42250,80049485422507
S42261,80049485422613
S42280,80049485422804
S42320,80049485423207
S42330,80049485423306
S42401,80049485424013
S42491,80049485424914
S43030,80049485430304
S43070,80049485430700
S43120,80049485431202
S43200,80049485432001
S43250,80049485432506
S43320,80049485433206
S43370,80049485433701
S43390,80049485433909
S43400,80049485434005
S43420,80049485434203
S43470,80049485434708
S43471,80049485434715
S43480,30049485434802
S43570,80049485435705
S43721,80049485437211
S44010,80049485440105
S44020,80049485440204
S44060,80049485440600
S44120,80049485441201
S44130,80049485441300
S44150,80049485441508
S44250,80049485442505
S44260,80049485442604
S44270,80049485442703
S44440,80049485444400
S45010,80049485450104
S45110,80049485451101
S45241,80049485452412
S46020,80049485460202
S46021,80049485460219
S46030,80049485460301
S46190,00049485461906
S46210,80049485462107
S46271,80049485462718
S46641,80049485466419
S47030,80049485470300
S47050,80049485470508
S47070,80049485470706
S47100,80049485471000
S47120,80049485471208
S47141,80049485471413
S47170,80049485471703
S47300,80049485473004
S47330,80049485473301
S47350,80049485473509
S47450,80049485474506
S47570,80049485475701
S47571,80049485475718
S47572,80049485475725
S47651,80049485476517
S49080,30049485490808
S49211,80049485492111
S49751,80049485497512
S49871,80049485498717
S49881,80049485498816
S5000,80049485050007
S5030,80049485050304
S5110,80049485051103
S5111,80049485051110
S515,80049485005151
S5150CE,80049485051509
S5151CE,80049485051516
S5205,80049485052056
S5205CE,80049485052056
S5228,80049485052285
S5230,80049485052308
S5235,80049485052353
S5236,80049485052360
S5250,80049485052506
S5337CE,80049485053374
S5391CE,80049485053916
S5401CE,80049485054012
S5416,80049485054166
S5416CE,80049485054166
S5421,80049485054210
S545,80049485005458
S545CE,80049485005458
S550,80049485005502
S550CE,80049485005502
S5578,80049485055781
S5578CE,80049485055781
S5590CE,80049485055903
S5591CE,80049485055910
S5614,80049485056146
S5626,80049485056269
S5649,80049485056498
S5659,80049485056597
S5660,80049485056603
S5661,80049485056610
S5662,80049485056627
S5663,80049485056634
S5664,80049485056641
S5667,80049485056672
S5668,80049485056689
S5684,80049485056849
S5691,80049485056917
S5705,80049485057051
S5705CE,80049485057051
S5708,80049485057082
S5708CE,80049485057082
S5712CE,80049485057129
S5715CE,80049485057150
S5718,80049485057181
S5750,80049485057501
S5750CE,80049485057501
S5751CE,80049485057518
S5754,80049485057549
S5756,80049485057563
S5757,80049485057570
S5758,80049485057587
S5759,80049485057594
S5761,80049485057617
S578,80049485005786
S578CE,80049485005786
S579,80049485005793
S579CE,80049485005793
S5872,80049485058720
S60030,80049485600301
S60040,80049485600400
S60050,80049485600509
S60110,80049485601100
S60270,80049485602701
S60280,80049485602800
S60311,80049485603111
S60321,80049485603210
S60470,80049485604705
S60472,80049485604729
S64040,80049485640406
S64241,80049485642417
S64283,80049485642837
S66120,80049485661203
S70071,80049485700711
S705,80049485007056
S71681,80049485716811
S722,80049485007223
S73020,80049485730206
S73030,80049485730305
S73050,80049485730503
S73060,80049485730602
S74010,80049485740106
S74020,80049485740205
S74030,80049485740304
S74060,80049485740601
S74080,80049485740809
S74090,80049485740908
S74111,80049485741110
S75010,80049485750105
S75020,80049485750204
S75030,80049485750303
S75040,80049485750402
S75100,80049485751003
S75120,80049485751201
S75131,80049485751317
S75150,80049485751508
S75151,80049485751515
S75240,80049485752406
S75290,80049485752901
S75391,80049485753915
S75421,50758108718529
S75441,80049485754417
S75451,80049485754516
S75501,80049485755018
S75571,80049485755711
S75681,80049485756817
S75801,80049485758019
S75921,80049485759214
S77011,80049485770110
S77100,80047485771007
S77130,80049485771308
S77301,80049485773012
S77441,80049485774415
S77641,80049485776419
S79030,80049485790309
S79060,80049485790606
S79111,80049485791115
S79190,00049485791904
S79240,80049485792402
S79481,80049485794819
S79521,80049485795212
S79651,80049485796516
S79711,10767367003187
S79711-02,80049485097118
S91081,50758108718512
